{
	"results" : [
		{
			"_id" : "Male",
			"value" : {
				"avgHeight" : 167.0800817221449,
				"avgWeight" : 70.00180785329881
			}
		},
		{
			"_id" : "Female",
			"value" : {
				"avgHeight" : 167.12617499498276,
				"avgWeight" : 70.11384105960275
			}
		}
	],
	"ok" : 1
}
